{
  "name": "@nyano/triad-web",
  "private": true,
  "version": "0.0.1",
  "type": "module",
  "scripts": {
    "dev": "vite",
    "build": "vite build",
    "preview": "vite preview",
    "test": "echo \"(ui tests later)\""
  },
  "dependencies": {
    "@nyano/triad-engine": "workspace:*",
    "react": "^18.3.1",
    "react-dom": "^18.3.1",
    "react-router-dom": "^6.26.2",
    "viem": "^2.21.30"
  },
  "devDependencies": {
    "@types/react": "^18.3.5",
    "@types/react-dom": "^18.3.0",
    "@vitejs/plugin-react": "^4.3.1",
    "autoprefixer": "^10.4.20",
    "postcss": "^8.4.41",
    "tailwindcss": "^3.4.10",
    "typescript": "^5.5.4",
    "vite": "^5.4.2"
  }
}
